"Track URI","Track Name","Artist URI(s)","Artist Name(s)","Album URI","Album Name","Album Artist URI(s)","Album Artist Name(s)","Album Release Date","Album Image URL","Disc Number","Track Number","Track Duration (ms)","Track Preview URL","Explicit","Popularity","Added By","Added At"
"spotify:track:6e40mgJiCid5HRAGrbpGA6","I Want It That Way","spotify:artist:5rSXSAkZ67PYJSvpUpkOr7","Backstreet Boys","spotify:album:1NslKOZobWxINFaFkLol3r","The Hits--Chapter One","spotify:artist:5rSXSAkZ67PYJSvpUpkOr7","Backstreet Boys","2001-10-23","https://i.scdn.co/image/ab67616d0000b273c2f0d820b1113f9a243fb973","1","1","213600","https://p.scdn.co/mp3-preview/e72a05dc3f69c891e3390c3ceaa77fad02f6b5f6?cid=9950ac751e34487dbbe027c4fd7f8e99","false","77","spotify:user:sgpilkington","2019-06-17T22:13:32Z"
"spotify:track:62bOmKYxYg7dhrC6gH9vFn","Bye Bye Bye","spotify:artist:6Ff53KvcvAj5U7Z1vojB5o","*NSYNC","spotify:album:20RMokVwJ2wjQ0s8FOdOFC","No Strings Attached","spotify:artist:6Ff53KvcvAj5U7Z1vojB5o","*NSYNC","2000-03-21","https://i.scdn.co/image/ab67616d0000b273a6cb8fab778e1efc406a5909","1","1","200400","https://p.scdn.co/mp3-preview/72b91cb27fac7beb50a2deffdd8b821fba5ba950?cid=9950ac751e34487dbbe027c4fd7f8e99","false","73","spotify:user:sgpilkington","2019-06-17T22:15:10Z"
"spotify:track:3MjUtNVVq3C8Fn0MP3zhXa","...Baby One More Time","spotify:artist:26dSoYclwsYLMAKD3tpOr4","Britney Spears","spotify:album:3WNxdumkSMGMJRhEgK80qx","...Baby One More Time (Digital Deluxe Version)","spotify:artist:26dSoYclwsYLMAKD3tpOr4","Britney Spears","1999-01-12","https://i.scdn.co/image/ab67616d0000b2738e49866860c25afffe2f1a02","1","1","211066","https://p.scdn.co/mp3-preview/da2134a161f1cb34d17c2d6d7e77cc93d1c1e6f7?cid=9950ac751e34487dbbe027c4fd7f8e99","false","80","spotify:user:sgpilkington","2019-06-17T22:15:40Z"
"spotify:track:1Je1IMUlBXcx1Fz0WE7oPT","Wannabe","spotify:artist:0uq5PttqEjj3IH1bzwcrXF","Spice Girls","spotify:album:3x2jF7blR6bFHtk4MccsyJ","Spice","spotify:artist:0uq5PttqEjj3IH1bzwcrXF","Spice Girls","1996-01-01","https://i.scdn.co/image/ab67616d0000b273fb59d692d3d66bcd3768a237","1","1","173026","","false","81","spotify:user:sgpilkington","2019-06-17T22:16:06Z"
"spotify:track:11mwFrKvLXCbcVGNxffGyP","Genie In a Bottle","spotify:artist:1l7ZsJRRS8wlW3WfJfPfNS","Christina Aguilera","spotify:album:6fpPZS13ImRVpr7Tqs6yP9","Christina Aguilera (Expanded Edition)","spotify:artist:1l7ZsJRRS8wlW3WfJfPfNS","Christina Aguilera","1999","https://i.scdn.co/image/ab67616d0000b273f89996e214be1763b2a9e948","1","1","217573","https://p.scdn.co/mp3-preview/31c45c1e2951c7713b67a91299d3da369f502c75?cid=9950ac751e34487dbbe027c4fd7f8e99","false","73","spotify:user:sgpilkington","2019-06-17T22:17:09Z"
"spotify:track:6naxalmIoLFWR0siv8dnQQ","Oops!...I Did It Again","spotify:artist:26dSoYclwsYLMAKD3tpOr4","Britney Spears","spotify:album:5PmgtkodFl2Om3hMXONDll","Oops!... I Did It Again","spotify:artist:26dSoYclwsYLMAKD3tpOr4","Britney Spears","2000-05-16","https://i.scdn.co/image/ab67616d0000b2732aa20611c7fb964a74ab01a6","1","1","211160","https://p.scdn.co/mp3-preview/7fb86827422540ad01f65870375fef055412f034?cid=9950ac751e34487dbbe027c4fd7f8e99","false","81","spotify:user:sgpilkington","2019-06-17T22:19:23Z"
"spotify:track:5WTxbyWTpoqhdxEN2szOnl","Everybody (Backstreet's Back) - Extended Version","spotify:artist:5rSXSAkZ67PYJSvpUpkOr7","Backstreet Boys","spotify:album:0wvQovgaVU99eqw8n3g22S","Backstreet Boys","spotify:artist:5rSXSAkZ67PYJSvpUpkOr7","Backstreet Boys","1996","https://i.scdn.co/image/ab67616d0000b273dafd4b9261a1ab9acd53a53d","1","4","287293","https://p.scdn.co/mp3-preview/ee2f717ca070fef7efe0080653548420a24b7d57?cid=9950ac751e34487dbbe027c4fd7f8e99","false","61","spotify:user:sgpilkington","2019-06-17T22:20:02Z"
"spotify:track:3SPDQfj2UfWq6A2NllZnzn","What Makes You Beautiful","spotify:artist:4AK6F7OLvEQ5QYCBNiQWHq","One Direction","spotify:album:53DrBEDi1AvhWOtCdljUiu","Up All Night","spotify:artist:4AK6F7OLvEQ5QYCBNiQWHq","One Direction","2012-05-25","https://i.scdn.co/image/ab67616d0000b273fd20e3d8ad722ecc509c3324","1","1","198053","","false","2","spotify:user:sgpilkington","2019-06-17T22:23:43Z"
"spotify:track:1fZLxH4ZgYUheWh6fYQse9","I Need a Hero","spotify:artist:5L5RItTJGugQ0PRfK7bcaR","Giada Monteleone","spotify:album:6OqA63LXjnULe9Lqp4MaJT","Le tagliatelle di nonna Pina","spotify:artist:0LyfQWJT6nXafLPZqxe9Of","Various Artists","2011-03-16","https://i.scdn.co/image/ab67616d0000b2730c668e633e97ac948906835d","1","12","236893","https://p.scdn.co/mp3-preview/145ed42afb2e20ef8c90a02389f89e9e061572fa?cid=9950ac751e34487dbbe027c4fd7f8e99","false","49","spotify:user:sgpilkington","2019-06-17T22:25:35Z"
"spotify:track:4WUnM4KNZ0kjp0CUeoyOnS","I Swear","spotify:artist:1B8ySGDAiXTCvnJNH4HSCG","All-4-One","spotify:album:4L5ZA0GukWNWjsk9b7HHDy","All-4-One","spotify:artist:1B8ySGDAiXTCvnJNH4HSCG","All-4-One","1994-01-01","https://i.scdn.co/image/ab67616d0000b2730a23b37b281f5dad95dda57d","1","4","259853","https://p.scdn.co/mp3-preview/4bbcac2464fbcb629b62186a9884e9caa402735f?cid=9950ac751e34487dbbe027c4fd7f8e99","false","68","spotify:user:sgpilkington","2019-06-17T22:25:57Z"
"spotify:track:1RC5Mb0VhnlhnMlFDnrvE0","I'm A Believer - Radio Edit","spotify:artist:2iEvnFsWxR0Syqu2JNopAd","Smash Mouth","spotify:album:0E0q3hPeALlDvoDvYztYeH","Smash Mouth","spotify:artist:2iEvnFsWxR0Syqu2JNopAd","Smash Mouth","2001-01-01","https://i.scdn.co/image/ab67616d0000b273e271723e2054ba24d0b06075","1","13","183400","","false","62","spotify:user:sgpilkington","2019-06-17T22:34:41Z"
"spotify:track:6sbXGUn9V9ZaLwLdOfpKRE","Larger Than Life","spotify:artist:5rSXSAkZ67PYJSvpUpkOr7","Backstreet Boys","spotify:album:5ySxm9hxBNss01WCL7GLyQ","Millennium","spotify:artist:5rSXSAkZ67PYJSvpUpkOr7","Backstreet Boys","1999-05-18","https://i.scdn.co/image/ab67616d0000b2732160c02bc56f192df0f4986b","1","1","232826","https://p.scdn.co/mp3-preview/740ac3a10a01431d8b00bcb3134c7c7feb0b61ac?cid=9950ac751e34487dbbe027c4fd7f8e99","false","69","spotify:user:sgpilkington","2019-06-17T22:53:20Z"
"spotify:track:1Rvl8qsKJurfFTyWLBI9ib","Baby, I Love Your Way","spotify:artist:0Jeckitay8SbvKwqAzWuYH, spotify:artist:32ckuKo8LrZhQMyCehYKkt","Big Mountain, Tom Lord-Alge","spotify:album:4QHFXQLRwZx5122InHluo5","The Best Of Big Mountain","spotify:artist:0Jeckitay8SbvKwqAzWuYH","Big Mountain","1994","https://i.scdn.co/image/ab67616d0000b2738dad961673a82ade27f202a8","1","1","249520","https://p.scdn.co/mp3-preview/2088ffea2a54124e1e4e5e195303251f401c796f?cid=9950ac751e34487dbbe027c4fd7f8e99","false","71","spotify:user:sgpilkington","2019-06-17T23:10:18Z"
"spotify:track:6u0CNXqIBQJa6iYcFgFU9k","Fairy Godmother Song","spotify:artist:4yLw4gWrQFMtgQXVyB0n2o","Jennifer Saunders","spotify:album:009d83fu2guwouIwqr7i9E","Shrek 2 (Original Motion Picture Soundtrack)","spotify:artist:0LyfQWJT6nXafLPZqxe9Of","Various Artists","2004-05-19","https://i.scdn.co/image/ab67616d0000b273a895c616f899f06429bc8b4f","1","12","112373","","false","0","spotify:user:sgpilkington","2019-06-19T22:49:30Z"
"spotify:track:0rmGAIH9LNJewFw7nKzZnc","You Give Love A Bad Name","spotify:artist:58lV9VcRSjABbAbfWS6skp","Bon Jovi","spotify:album:0kBfgEilUFCMIQY5IOjG4t","Slippery When Wet","spotify:artist:58lV9VcRSjABbAbfWS6skp","Bon Jovi","1986-08-16","https://i.scdn.co/image/ab67616d0000b2731336b31b6a1799f0de5807ac","1","2","222706","","false","82","spotify:user:sgpilkington","2019-07-09T06:45:41Z"
"spotify:track:2AW37v0bDyuOzGP3XnmFuA","It's Gonna Be Me","spotify:artist:6Ff53KvcvAj5U7Z1vojB5o","*NSYNC","spotify:album:20RMokVwJ2wjQ0s8FOdOFC","No Strings Attached","spotify:artist:6Ff53KvcvAj5U7Z1vojB5o","*NSYNC","2000-03-21","https://i.scdn.co/image/ab67616d0000b273a6cb8fab778e1efc406a5909","1","2","192426","https://p.scdn.co/mp3-preview/f9716f83d213f049a29f866eb00efd372e49e557?cid=9950ac751e34487dbbe027c4fd7f8e99","false","68","spotify:user:sgpilkington","2020-02-17T06:36:51Z"
"spotify:track:1eOHw1k2AoluG4VyjBHLzX","Everytime We Touch","spotify:artist:0N0d3kjwdY2h7UVuTdJGfp","Cascada","spotify:album:6lKJ28PcwG7lPfBZss1RZG","Everytime We Touch","spotify:artist:0N0d3kjwdY2h7UVuTdJGfp","Cascada","2006-02-21","https://i.scdn.co/image/ab67616d0000b273093c0143d65442cc4d8affd6","1","1","196466","","false","42","spotify:user:sgpilkington","2020-02-18T21:15:04Z"
"spotify:track:6FB3v4YcR57y4tXFcdxI1E","I Knew You Were Trouble.","spotify:artist:06HL4z0CvFAxyc27GXpf02","Taylor Swift","spotify:album:4jTYApZPMapg56gRycOn0D","Red (Big Machine Radio Release Special)","spotify:artist:06HL4z0CvFAxyc27GXpf02","Taylor Swift","2012-10-22","https://i.scdn.co/image/ab67616d0000b2731c248e90c3e569f90aef9dec","1","8","219720","","false","79","spotify:user:sgpilkington","2020-05-04T16:51:24Z"
"spotify:track:0VwNdo84DaVYLIkbVO86ND","We Are Never Ever Getting Back Together","spotify:artist:06HL4z0CvFAxyc27GXpf02","Taylor Swift","spotify:album:4jTYApZPMapg56gRycOn0D","Red (Big Machine Radio Release Special)","spotify:artist:06HL4z0CvFAxyc27GXpf02","Taylor Swift","2012-10-22","https://i.scdn.co/image/ab67616d0000b2731c248e90c3e569f90aef9dec","1","16","193146","","false","78","spotify:user:sgpilkington","2020-05-04T16:51:28Z"
"spotify:track:6ce41JVa6KFaryfmC2bu2W","22","spotify:artist:06HL4z0CvFAxyc27GXpf02","Taylor Swift","spotify:album:4jTYApZPMapg56gRycOn0D","Red (Big Machine Radio Release Special)","spotify:artist:06HL4z0CvFAxyc27GXpf02","Taylor Swift","2012-10-22","https://i.scdn.co/image/ab67616d0000b2731c248e90c3e569f90aef9dec","1","12","232120","","false","73","spotify:user:sgpilkington","2020-05-04T16:51:30Z"
"spotify:track:0JcKdUGNR7zI4jJDLyYXbi","Stuck Like Glue","spotify:artist:0hYxQe3AK5jBPCr5MumLHD","Sugarland","spotify:album:6tRJWFLsUW4HuiXHlOSnwf","The Incredible Machine","spotify:artist:0hYxQe3AK5jBPCr5MumLHD","Sugarland","2010-01-01","https://i.scdn.co/image/ab67616d0000b273a5eb87ae91a4e2235c8fec75","1","3","247586","","false","67","spotify:user:sgpilkington","2020-05-04T16:51:34Z"
"spotify:track:4xInIiKipU1mtUogJ3ZdYr","American Honey","spotify:artist:32WkQRZEVKSzVAAYqukAEA","Lady A","spotify:album:3hnGcNi8oqGdwTm3CeniFA","Need You Now","spotify:artist:32WkQRZEVKSzVAAYqukAEA","Lady A","2010-01-01","https://i.scdn.co/image/ab67616d0000b2733a2cc6c5cdd9f07a95efa51b","1","3","224866","","false","66","spotify:user:sgpilkington","2020-05-04T16:51:38Z"
"spotify:track:7aMftpNNJiQj1c2rllc8Dk","Welcome To New York","spotify:artist:06HL4z0CvFAxyc27GXpf02","Taylor Swift","spotify:album:6EsTJnpahwW6xX20zvqQgZ","1989 (Big Machine Radio Release Special)","spotify:artist:06HL4z0CvFAxyc27GXpf02","Taylor Swift","2014-10-27","https://i.scdn.co/image/ab67616d0000b2730432bfd9e6adb616fd8bcc97","1","2","212600","","false","40","spotify:user:sgpilkington","2020-05-04T16:52:04Z"
"spotify:track:1RvQQGwaPipiNgz8RXAKA8","Red","spotify:artist:06HL4z0CvFAxyc27GXpf02","Taylor Swift","spotify:album:1KlU96Hw9nlvqpBPlSqcTV","Red (Deluxe Edition)","spotify:artist:06HL4z0CvFAxyc27GXpf02","Taylor Swift","2012-10-22","https://i.scdn.co/image/ab67616d0000b273a7613d346501b828b56a0bc3","1","2","220826","","false","61","spotify:user:sgpilkington","2020-05-04T16:52:45Z"
"spotify:track:6LZaxlycSWrJZ4Volb25qx","Mine","spotify:artist:06HL4z0CvFAxyc27GXpf02","Taylor Swift","spotify:album:5EpMjweRD573ASl7uNiHym","Speak Now (Deluxe Edition)","spotify:artist:06HL4z0CvFAxyc27GXpf02","Taylor Swift","2010-10-25","https://i.scdn.co/image/ab67616d0000b2732e4ec3175d848eca7b76b07f","1","1","230706","","false","59","spotify:user:sgpilkington","2020-05-04T16:53:20Z"
"spotify:track:1q8E1FfFuhd12c5JcJwPxQ","Sparks Fly","spotify:artist:06HL4z0CvFAxyc27GXpf02","Taylor Swift","spotify:album:5EpMjweRD573ASl7uNiHym","Speak Now (Deluxe Edition)","spotify:artist:06HL4z0CvFAxyc27GXpf02","Taylor Swift","2010-10-25","https://i.scdn.co/image/ab67616d0000b2732e4ec3175d848eca7b76b07f","1","2","260933","","false","60","spotify:user:sgpilkington","2020-05-04T16:53:35Z"
"spotify:track:5yEPktRqvIhko5QFF3aBhQ","Mean","spotify:artist:06HL4z0CvFAxyc27GXpf02","Taylor Swift","spotify:album:5MfAxS5zz8MlfROjGQVXhy","Speak Now","spotify:artist:06HL4z0CvFAxyc27GXpf02","Taylor Swift","2010-10-25","https://i.scdn.co/image/ab67616d0000b273e11a75a2f2ff39cec788a015","1","6","237733","","false","66","spotify:user:sgpilkington","2020-05-04T16:53:51Z"
"spotify:track:2ythurkTtSiyfK7GprJoFW","Better Than Revenge","spotify:artist:06HL4z0CvFAxyc27GXpf02","Taylor Swift","spotify:album:5MfAxS5zz8MlfROjGQVXhy","Speak Now","spotify:artist:06HL4z0CvFAxyc27GXpf02","Taylor Swift","2010-10-25","https://i.scdn.co/image/ab67616d0000b273e11a75a2f2ff39cec788a015","1","10","217160","","false","58","spotify:user:sgpilkington","2020-05-04T16:54:05Z"
"spotify:track:6Eu31gddWw0gOGO506pJYA","Fearless","spotify:artist:06HL4z0CvFAxyc27GXpf02","Taylor Swift","spotify:album:2dqn5yOQWdyGwOpOIi9O4x","Fearless","spotify:artist:06HL4z0CvFAxyc27GXpf02","Taylor Swift","2008-11-11","https://i.scdn.co/image/ab67616d0000b2737b25c072237f29ee50025fdc","1","1","241986","","false","65","spotify:user:sgpilkington","2020-05-04T16:54:11Z"
"spotify:track:3GCL1PydwsLodcpv0Ll1ch","You Belong With Me","spotify:artist:06HL4z0CvFAxyc27GXpf02","Taylor Swift","spotify:album:2dqn5yOQWdyGwOpOIi9O4x","Fearless","spotify:artist:06HL4z0CvFAxyc27GXpf02","Taylor Swift","2008-11-11","https://i.scdn.co/image/ab67616d0000b2737b25c072237f29ee50025fdc","1","6","231133","","false","73","spotify:user:sgpilkington","2020-05-04T16:54:19Z"
"spotify:track:5P4wWhUYWM0IaVYLuZxdar","The Way I Loved You","spotify:artist:06HL4z0CvFAxyc27GXpf02","Taylor Swift","spotify:album:2dqn5yOQWdyGwOpOIi9O4x","Fearless","spotify:artist:06HL4z0CvFAxyc27GXpf02","Taylor Swift","2008-11-11","https://i.scdn.co/image/ab67616d0000b2737b25c072237f29ee50025fdc","1","10","244226","","false","66","spotify:user:sgpilkington","2020-05-04T16:54:32Z"
"spotify:track:18MgKbBjaSx945uICNj0Ie","What Makes You Different (Makes You Beautiful) - Originally Performed By The Backstreet Boys","spotify:artist:1UNVJFSDvwWjoRoQGDgorD","B the Star","spotify:album:0abifmMtNdxgW7qPrCIYaU","40 Super Hits Karaoke: Ultimate Hits","spotify:artist:1UNVJFSDvwWjoRoQGDgorD","B the Star","2011-04-05","https://i.scdn.co/image/ab67616d0000b27324b4dfc88d75ee2b1197303d","1","16","216372","https://p.scdn.co/mp3-preview/3096dc89ae62350484139514e24ab84729a7805d?cid=9950ac751e34487dbbe027c4fd7f8e99","false","15","spotify:user:sgpilkington","2020-05-07T19:35:16Z"
"spotify:track:2Gy3XMLbBxACZ4tXdFRGr7","Pontoon","spotify:artist:3CygdxquGHurS7f9LjNLkv","Little Big Town","spotify:album:5IIYlM5tjDtW3fIgOIA5TB","Tornado","spotify:artist:3CygdxquGHurS7f9LjNLkv","Little Big Town","2013-01-01","https://i.scdn.co/image/ab67616d0000b273293f8670a31be4d4327dc0f6","1","2","212320","","false","67","spotify:user:sgpilkington","2020-05-08T04:32:01Z"
"spotify:track:3z0a8G407NbxfjTRffvQiP","Better Dig Two","spotify:artist:75FnCoo4FBxH5K1Rrx0k5A","The Band Perry","spotify:album:4oXEoK7WVM1lNbmB59IrJ1","Pioneer","spotify:artist:75FnCoo4FBxH5K1Rrx0k5A","The Band Perry","2013-01-01","https://i.scdn.co/image/ab67616d0000b27379c820d2d853c756c3738d39","1","1","194680","","false","58","spotify:user:sgpilkington","2020-05-08T04:32:05Z"
"spotify:track:4kY7rYtE4OQkJNq22OIYRI","Downtown","spotify:artist:32WkQRZEVKSzVAAYqukAEA","Lady A","spotify:album:254bcFt3AV1O2B121GFD9S","Golden","spotify:artist:32WkQRZEVKSzVAAYqukAEA","Lady A","2013-01-01","https://i.scdn.co/image/ab67616d0000b273bbd2503ed391845c8e36a736","1","4","195866","","false","69","spotify:user:sgpilkington","2020-05-08T04:32:09Z"
"spotify:track:0f73zOCdBx6ZPdiBjwN1AP","Little White Church","spotify:artist:3CygdxquGHurS7f9LjNLkv","Little Big Town","spotify:album:2o5oFGiGkykZs6qU6274Af","The Reason Why","spotify:artist:3CygdxquGHurS7f9LjNLkv","Little Big Town","2010-01-01","https://i.scdn.co/image/ab67616d0000b2737c3df3fa4c6effeb6737362f","1","6","186224","","false","59","spotify:user:sgpilkington","2020-05-08T04:32:28Z"
"spotify:track:6olKv2HP3XgBpvVxAswowe","Bartender","spotify:artist:32WkQRZEVKSzVAAYqukAEA","Lady A","spotify:album:1JHNRou038CfCC0RZztDz8","747","spotify:artist:32WkQRZEVKSzVAAYqukAEA","Lady A","2014-09-30","https://i.scdn.co/image/ab67616d0000b273228954c1b2b3ee5e31031e68","1","2","198266","","false","65","spotify:user:sgpilkington","2020-05-09T03:38:33Z"
"spotify:track:6aNy9Afzm7Fi6ysMskocBf","Country Girl (Shake It For Me)","spotify:artist:0BvkDsjIUla7X0k6CSWh1I","Luke Bryan","spotify:album:5zqme5HHaQXfVwIl8SMs5W","Tailgates & Tanlines","spotify:artist:0BvkDsjIUla7X0k6CSWh1I","Luke Bryan","2011-01-01","https://i.scdn.co/image/ab67616d0000b27319f8cf50f687509a5bbcc5b4","1","1","225560","","false","66","spotify:user:sgpilkington","2020-05-09T03:39:26Z"
"spotify:track:0i5el041vd6nxrGEU8QRxy","Cruise","spotify:artist:3b8QkneNDz4JHKKKlLgYZg","Florida Georgia Line","spotify:album:5MH765pytbQasmDxXArTah","Here's To The Good Times","spotify:artist:3b8QkneNDz4JHKKKlLgYZg","Florida Georgia Line","2012-01-01","https://i.scdn.co/image/ab67616d0000b273f5601676db551cb2a09e70a0","1","1","208960","","false","74","spotify:user:sgpilkington","2020-05-09T03:39:41Z"
"spotify:track:37ZJ0p5Jm13JPevGcx4SkF","Livin' On A Prayer","spotify:artist:58lV9VcRSjABbAbfWS6skp","Bon Jovi","spotify:album:0kBfgEilUFCMIQY5IOjG4t","Slippery When Wet","spotify:artist:58lV9VcRSjABbAbfWS6skp","Bon Jovi","1986-08-16","https://i.scdn.co/image/ab67616d0000b2731336b31b6a1799f0de5807ac","1","3","249293","","false","84","spotify:user:sgpilkington","2020-05-11T02:07:51Z"
"spotify:track:0v1XpBHnsbkCn7iJ9Ucr1l","It's My Life","spotify:artist:58lV9VcRSjABbAbfWS6skp","Bon Jovi","spotify:album:0Q9SljCrM0CL0bR23MuP69","Crush","spotify:artist:58lV9VcRSjABbAbfWS6skp","Bon Jovi","2000-01-01","https://i.scdn.co/image/ab67616d0000b2737a231174875d7930de9dad58","1","1","224493","","false","80","spotify:user:sgpilkington","2020-05-11T02:07:55Z"
"spotify:track:7Mf2kG3VfzPzF6jbWu7Tyd","Listen to Your Heart (Glee Cast Version)","spotify:artist:0SCbttzoZTnLFebDYmAWCm","Glee Cast","spotify:album:2uovz2NzR6Y3uRj1bsMOdG","Glee: The Music, We Built This Glee Club","spotify:artist:0SCbttzoZTnLFebDYmAWCm","Glee Cast","2015-03-10","https://i.scdn.co/image/ab67616d0000b273b136bfba83c9f099b63e58ba","1","1","226706","https://p.scdn.co/mp3-preview/efd53884066b34314970c39176162267342d5f6b?cid=9950ac751e34487dbbe027c4fd7f8e99","false","47","spotify:user:sgpilkington","2020-05-15T05:30:06Z"
"spotify:track:6cNSOKvw5hYVrOCrLw8joJ","Dream On (Glee Cast Version) (feat. Neil Patrick Harris)","spotify:artist:0SCbttzoZTnLFebDYmAWCm, spotify:artist:3UBvyQF5Hipou6Pm7wncxr","Glee Cast, Neil Patrick Harris","spotify:album:2a3ZaGtvw7l3nqQL6Z2FEp","Glee: The Music, Volume 3 Showstoppers","spotify:artist:0SCbttzoZTnLFebDYmAWCm","Glee Cast","2010-05-18","https://i.scdn.co/image/ab67616d0000b273395c957cae20aeb1fd4008e9","1","13","274133","https://p.scdn.co/mp3-preview/30efb92af73ca3f6f04b2bba89fc7de56d6f0439?cid=9950ac751e34487dbbe027c4fd7f8e99","false","49","spotify:user:sgpilkington","2020-05-22T04:06:09Z"
"spotify:track:3vwTNVxHRpRw9Jr4RT7HJF","Bye Bye Bye / I Want It That Way (Glee Cast Version)","spotify:artist:0SCbttzoZTnLFebDYmAWCm","Glee Cast","spotify:album:4fZXOp8No89WLudGy6brXd","Glee: The Music, The Complete Season Four","spotify:artist:0SCbttzoZTnLFebDYmAWCm","Glee Cast","2014-01-14","https://i.scdn.co/image/ab67616d0000b273982bd110b3bef1f5a806209b","1","69","169426","https://p.scdn.co/mp3-preview/3aa63b5c98b98ae333e567813e5c720abb2914f0?cid=9950ac751e34487dbbe027c4fd7f8e99","false","46","spotify:user:sgpilkington","2020-05-22T04:06:25Z"
"spotify:track:1v3RJ3mtHllca29JVi12OB","Singing In The Rain / Umbrella (Glee Cast Version) (feat. Gwyneth Paltrow)","spotify:artist:0SCbttzoZTnLFebDYmAWCm, spotify:artist:4njFVSUWyxD84ur7w8Oy7h","Glee Cast, Gwyneth Paltrow","spotify:album:6WlzaRoDShdgVgaqJRjyNH","Glee: The Music, The Complete Season Two","spotify:artist:0SCbttzoZTnLFebDYmAWCm","Glee Cast","2012-08-28","https://i.scdn.co/image/ab67616d0000b273206886ebd628a68174f59425","1","39","183293","https://p.scdn.co/mp3-preview/6c2d8551778c0795ea25cddd7d7fb098617c91c7?cid=9950ac751e34487dbbe027c4fd7f8e99","false","54","spotify:user:sgpilkington","2020-05-22T04:07:58Z"
"spotify:track:67kE6u6aXe0JbaBvcb3n2g","Riff Off","spotify:artist:4pBZPaKdm0u7Joe6oAea6V, spotify:artist:0vZ1OdTf7bFwf6ptvksvtX, spotify:artist:1LPxNXrOt487OOQfO6aJtJ, spotify:artist:5gZhQ7HEtlkPQiWyE44tCA, spotify:artist:2NivA846rFNy5zmDNa5P3o","The Bellas, Evermoist, Saddle Up, Young Sparrow And DJ Dragon Nutz, Soldiers","spotify:album:2ghztb1E7auvrtaXmcRqbV","Pitch Perfect 3 (Original Motion Picture Soundtrack)","spotify:artist:0LyfQWJT6nXafLPZqxe9Of","Various Artists","2017-12-15","https://i.scdn.co/image/ab67616d0000b27342ab4e36136073ce70675e78","1","4","288746","","false","59","spotify:user:sgpilkington","2020-05-22T20:08:10Z"
"spotify:track:3ZFTkvIE7kyPt6Nu3PEa7V","Hips Don't Lie (feat. Wyclef Jean)","spotify:artist:0EmeFodog0BfCgMzAIvKQp, spotify:artist:7aBzpmFXB4WWpPl2F7RjBe","Shakira, Wyclef Jean","spotify:album:5ppnlEoj4HdRRdRihnY3jU","Oral Fixation, Vol. 2 (Expanded Edition)","spotify:artist:0EmeFodog0BfCgMzAIvKQp","Shakira","2005-11-28","https://i.scdn.co/image/ab67616d0000b27327ddd747545c0d0cfe7595fa","1","3","218093","https://p.scdn.co/mp3-preview/3859547944f57cfb7b996f6551148c9467889d4b?cid=9950ac751e34487dbbe027c4fd7f8e99","false","85","spotify:user:sgpilkington","2020-05-23T11:42:42Z"
"spotify:track:2lnzGkdtDj5mtlcOW2yRtG","Whenever, Wherever","spotify:artist:0EmeFodog0BfCgMzAIvKQp","Shakira","spotify:album:4DyMK9x2gnmRkRa16zHaEV","Laundry Service","spotify:artist:0EmeFodog0BfCgMzAIvKQp","Shakira","2001-11-13","https://i.scdn.co/image/ab67616d0000b2731f400a1f4d821b00824cf58f","1","3","196160","https://p.scdn.co/mp3-preview/09ddeb4ae33ee6e8f5d41f42795910a34481c2e8?cid=9950ac751e34487dbbe027c4fd7f8e99","false","76","spotify:user:sgpilkington","2020-05-23T11:42:47Z"
"spotify:track:1eIk4CkooTRycHSDfaShLC","Empire","spotify:artist:0EmeFodog0BfCgMzAIvKQp","Shakira","spotify:album:4nXeW6UwZGBnv6zops27k4","Shakira. (Expanded Edition)","spotify:artist:0EmeFodog0BfCgMzAIvKQp","Shakira","2014-03-14","https://i.scdn.co/image/ab67616d0000b2736acbe587dd91d142c5e364e1","1","3","239333","https://p.scdn.co/mp3-preview/b600b552418d2e667f939012962032e445dc7524?cid=9950ac751e34487dbbe027c4fd7f8e99","false","54","spotify:user:sgpilkington","2020-05-23T11:43:29Z"
"spotify:track:0YoUczWJPqphLvxnTXG00N","Dare (La La La)","spotify:artist:0EmeFodog0BfCgMzAIvKQp","Shakira","spotify:album:4nXeW6UwZGBnv6zops27k4","Shakira. (Expanded Edition)","spotify:artist:0EmeFodog0BfCgMzAIvKQp","Shakira","2014-03-14","https://i.scdn.co/image/ab67616d0000b2736acbe587dd91d142c5e364e1","1","1","186506","https://p.scdn.co/mp3-preview/bb8697b4dc4a9872aab8296a37d0e6b6b5fad67e?cid=9950ac751e34487dbbe027c4fd7f8e99","false","58","spotify:user:sgpilkington","2020-05-23T11:43:53Z"
"spotify:track:6YMPu36VGIknb8Ey1ohW3j","Loca (feat. Dizzee Rascal)","spotify:artist:0EmeFodog0BfCgMzAIvKQp, spotify:artist:0gusqTJKxtU1UTmNRMHZcv","Shakira, Dizzee Rascal","spotify:album:3gR578qnw47M30LVBTjrlW","Sale el Sol","spotify:artist:0EmeFodog0BfCgMzAIvKQp","Shakira","2010-10-19","https://i.scdn.co/image/ab67616d0000b2734214ddc9e33e76de6a8ee888","1","13","193160","https://p.scdn.co/mp3-preview/404b0bcce1e101dd6d26e4ccc773bc8d2e9d0a50?cid=9950ac751e34487dbbe027c4fd7f8e99","false","59","spotify:user:sgpilkington","2020-06-17T17:42:35Z"
"spotify:track:34x6hEJgGAOQvmlMql5Ige","Danger Zone - From ""Top Gun"" Original Soundtrack","spotify:artist:3Y3xIwWyq5wnNHPp5gPjOW","Kenny Loggins","spotify:album:3uN87hwClF0hult2cxMbAW","Yesterday, Today, Tomorrow - The Greatest Hits Of Kenny Loggins","spotify:artist:3Y3xIwWyq5wnNHPp5gPjOW","Kenny Loggins","1997-03-25","https://i.scdn.co/image/ab67616d0000b27319db9ac54c80a898a179f0f1","1","5","215133","https://p.scdn.co/mp3-preview/37f82469e33bd437dd5b313796a6f7230d4dbd01?cid=9950ac751e34487dbbe027c4fd7f8e99","false","74","spotify:user:sgpilkington","2020-06-01T18:28:32Z"
"spotify:track:2OXidlnDThZR3zf36k6DVL","Just A Kiss","spotify:artist:32WkQRZEVKSzVAAYqukAEA","Lady A","spotify:album:2OecGqWoNWvW2VH4HUixjo","Own The Night","spotify:artist:32WkQRZEVKSzVAAYqukAEA","Lady A","2011-09-13","https://i.scdn.co/image/ab67616d0000b273e32c05c23344e590ec56a915","1","2","218840","","false","66","spotify:user:sgpilkington","2020-06-03T19:59:30Z"
"spotify:track:5iYUt3rsgrGFU0nugdhYwj","Rumour Has It / Someone Like You (Glee Cast Version)","spotify:artist:0SCbttzoZTnLFebDYmAWCm","Glee Cast","spotify:album:5QbBCWilH4naI9TGm9lbG2","Glee: The Music, Volume 7","spotify:artist:0SCbttzoZTnLFebDYmAWCm","Glee Cast","2011-12-06","https://i.scdn.co/image/ab67616d0000b273867c956ce5c38b6710621f1b","1","10","207946","https://p.scdn.co/mp3-preview/8e481c208ed354b8c68759a830ba21fd68ddda0b?cid=9950ac751e34487dbbe027c4fd7f8e99","false","58","spotify:user:sgpilkington","2020-06-03T19:59:40Z"
"spotify:track:4E7B45OimTovLiETRzSBly","Smooth Criminal (Glee Cast Version) (feat. 2CELLOS)","spotify:artist:0SCbttzoZTnLFebDYmAWCm, spotify:artist:6Fi8CHfO8WGtu3yO8c2Mc4","Glee Cast, 2CELLOS","spotify:album:082BH67sSIDefLxUp8GgNm","Glee: The Music, The Complete Season Three","spotify:artist:0SCbttzoZTnLFebDYmAWCm","Glee Cast","2012-08-28","https://i.scdn.co/image/ab67616d0000b27382589dd295a78e6d5ca9afb9","1","67","214680","https://p.scdn.co/mp3-preview/3e429399c01cc9516555bd5fad5f34675d6f1426?cid=9950ac751e34487dbbe027c4fd7f8e99","false","63","spotify:user:sgpilkington","2020-06-03T20:00:30Z"
"spotify:track:4hzTpj2NnAGArq1Pz78Xlc","Toxic (Glee Cast Version)","spotify:artist:0SCbttzoZTnLFebDYmAWCm","Glee Cast","spotify:album:63JD2d5OnsWISC7oyj9res","Toxic (Glee Cast Version)","spotify:artist:0SCbttzoZTnLFebDYmAWCm","Glee Cast","2010-09-28","https://i.scdn.co/image/ab67616d0000b273b390ba930df17430da9b9440","1","1","204413","","false","0","spotify:user:sgpilkington","2020-06-03T20:01:20Z"
"spotify:track:00dhuugTq7XaBohK71vN48","Sweet Caroline (Glee Cast Version)","spotify:artist:0SCbttzoZTnLFebDYmAWCm","Glee Cast","spotify:album:3bzOPF8mGdoW059DsGfMXj","Glee: The Music, Volume 1","spotify:artist:0SCbttzoZTnLFebDYmAWCm","Glee Cast","2009-11-02","https://i.scdn.co/image/ab67616d0000b2732c20ffc2c9c82c75e67fb006","1","15","118133","https://p.scdn.co/mp3-preview/b6699b83c03b8bc744509faf295e028e2f39d228?cid=9950ac751e34487dbbe027c4fd7f8e99","false","52","spotify:user:sgpilkington","2020-06-03T20:01:45Z"
"spotify:track:5WnCRiBTqd7bgfsthKr0jn","Love Shack (Glee Cast Version)","spotify:artist:0SCbttzoZTnLFebDYmAWCm","Glee Cast","spotify:album:082BH67sSIDefLxUp8GgNm","Glee: The Music, The Complete Season Three","spotify:artist:0SCbttzoZTnLFebDYmAWCm","Glee Cast","2012-08-28","https://i.scdn.co/image/ab67616d0000b27382589dd295a78e6d5ca9afb9","1","84","260653","https://p.scdn.co/mp3-preview/7bedabac005084ce0a18dda69db5c5ede6698180?cid=9950ac751e34487dbbe027c4fd7f8e99","false","45","spotify:user:sgpilkington","2020-06-03T20:02:23Z"
"spotify:track:74jZhGv0fdLaf9q8AZZ15k","Please Mr. Postman","spotify:artist:1eEfMU2AhEo7XnKgL7c304","Carpenters","spotify:album:0ESCnyuOCpztPojn8m0uqi","Horizon","spotify:artist:1eEfMU2AhEo7XnKgL7c304","Carpenters","1975-06-06","https://i.scdn.co/image/ab67616d0000b27330e5af0ab55dbfa49af947a2","1","4","172733","","false","65","spotify:user:sgpilkington","2020-06-03T20:43:15Z"
"spotify:track:58mFu3oIpBa0HLNeJIxsw3","Heaven Is A Place On Earth","spotify:artist:7xkAwz0bQTGDSbkofyQt3U","Belinda Carlisle","spotify:album:4PLM698gAODdpx7Wy3LNPj","Heaven On Earth","spotify:artist:7xkAwz0bQTGDSbkofyQt3U","Belinda Carlisle","1987-10-05","https://i.scdn.co/image/ab67616d0000b273a50fa51325803da5ddb48659","1","1","247293","","false","67","spotify:user:sgpilkington","2020-06-08T21:03:54Z"
"spotify:track:1hAhlfcLQcwH5iYvfswUC6","Tonight Is Bottoms Up","spotify:artist:67kocruSWm6xjxuT5oTVOB","Next Cool Combo","spotify:album:7gymBv3QhdFX8Gdf4ATQWh","Pop & Hip Hop Radio Hits","spotify:artist:67kocruSWm6xjxuT5oTVOB","Next Cool Combo","2014-09-05","https://i.scdn.co/image/ab67616d0000b27304f0c0e6c7836fbc274ee0cf","1","3","220000","https://p.scdn.co/mp3-preview/45d6dbfe863d83c5ba5f8ae5fdabe70e1b8c9d98?cid=9950ac751e34487dbbe027c4fd7f8e99","false","8","spotify:user:sgpilkington","2020-06-15T19:50:20Z"
"spotify:track:5W7YROOF6bFfBexY81LFjt","Babe","spotify:artist:4salDzkGmfycRqNUbyBphh","Styx","spotify:album:0RhPpU4BvtF44qdvFnGQuh","Cornerstone","spotify:artist:4salDzkGmfycRqNUbyBphh","Styx","1979-01-01","https://i.scdn.co/image/ab67616d0000b2735375070081edf3a7b188f0c7","1","3","265973","","false","67","spotify:user:sgpilkington","2020-06-15T19:50:41Z"
"spotify:track:7tqhbajSfrz2F7E1Z75ASX","Ain't No Mountain High Enough","spotify:artist:3koiLjNrgRTNbOwViDipeA, spotify:artist:75jNCko3SnEMI5gwGqrbb8","Marvin Gaye, Tammi Terrell","spotify:album:5LqviduT0g0J0ypFrFSwCE","United","spotify:artist:3koiLjNrgRTNbOwViDipeA, spotify:artist:75jNCko3SnEMI5gwGqrbb8","Marvin Gaye, Tammi Terrell","1967-08-29","https://i.scdn.co/image/ab67616d0000b2739173e50e99bdea2400222f02","1","1","151666","","false","82","spotify:user:sgpilkington","2020-06-15T20:35:01Z"
"spotify:track:38YgZVHPWOWsKrsCXz6JyP","Come On Get Higher","spotify:artist:4NGiEU3Pkd8ASRyQR30jcA","Matt Nathanson","spotify:album:45A2E1YR00sPSwxJw5d3qu","Some Mad Hope","spotify:artist:4NGiEU3Pkd8ASRyQR30jcA","Matt Nathanson","2007-01-01","https://i.scdn.co/image/ab67616d0000b273864de893eec3d7e102502dc8","1","2","215173","","false","73","spotify:user:sgpilkington","2020-06-15T20:35:32Z"
"spotify:track:3fqwjXwUGN6vbzIwvyFMhx","Tennessee Whiskey","spotify:artist:4YLtscXsxbVgi031ovDDdh","Chris Stapleton","spotify:album:7lxHnls3yQNl8B9bILmHj7","Traveller","spotify:artist:4YLtscXsxbVgi031ovDDdh","Chris Stapleton","2015-05-04","https://i.scdn.co/image/ab67616d0000b273540fc1d083eac5bcff8dad21","1","3","293293","","false","81","spotify:user:sgpilkington","2020-06-19T01:23:28Z"
"spotify:track:1rc7RzuBYQ9KZIntUyEAVb","Poker Face (Glee Cast Version) (feat. Idina Menzel)","spotify:artist:0SCbttzoZTnLFebDYmAWCm, spotify:artist:73Np75Wv2tju61Eo9Zw4IR","Glee Cast, Idina Menzel","spotify:album:2a3ZaGtvw7l3nqQL6Z2FEp","Glee: The Music, Volume 3 Showstoppers","spotify:artist:0SCbttzoZTnLFebDYmAWCm","Glee Cast","2010-05-18","https://i.scdn.co/image/ab67616d0000b273395c957cae20aeb1fd4008e9","1","19","219613","https://p.scdn.co/mp3-preview/a743a4d745a0759f07568b360f702f0451fd6e26?cid=9950ac751e34487dbbe027c4fd7f8e99","false","48","spotify:user:sgpilkington","2020-06-21T04:03:56Z"
"spotify:track:4W2GicHr49W6pjCPfKf8ih","Telephone (Glee Cast Version)","spotify:artist:0SCbttzoZTnLFebDYmAWCm","Glee Cast","spotify:album:339GyrY9TbtxN8hc9cggCM","Telephone (Glee Cast Version)","spotify:artist:0SCbttzoZTnLFebDYmAWCm","Glee Cast","2010-09-21","https://i.scdn.co/image/ab67616d0000b27324187e9dda2bc65837066f0d","1","1","222960","","false","0","spotify:user:sgpilkington","2020-06-22T02:51:28Z"
"spotify:track:4szcG1nYM1k4r7cu1sa5o0","Stronger (Glee Cast Version)","spotify:artist:0SCbttzoZTnLFebDYmAWCm","Glee Cast","spotify:album:6al4VUZHO90Zmw0fm4vVeI","Glee: The Music, Volume 4","spotify:artist:0SCbttzoZTnLFebDYmAWCm","Glee Cast","2010-11-26","https://i.scdn.co/image/ab67616d0000b273715776e18d2ab95a5ba06c62","1","4","203400","https://p.scdn.co/mp3-preview/2f165e3373fb27ed569257009348270583d0298a?cid=9950ac751e34487dbbe027c4fd7f8e99","false","43","spotify:user:sgpilkington","2020-06-22T04:09:30Z"
"spotify:track:2b93fpnWgsXmmnCBKZ86nu","Start Me Up / Livin' On A Prayer (Glee Cast Version)","spotify:artist:0SCbttzoZTnLFebDYmAWCm","Glee Cast","spotify:album:6WlzaRoDShdgVgaqJRjyNH","Glee: The Music, The Complete Season Two","spotify:artist:0SCbttzoZTnLFebDYmAWCm","Glee Cast","2012-08-28","https://i.scdn.co/image/ab67616d0000b273206886ebd628a68174f59425","1","34","170706","https://p.scdn.co/mp3-preview/2fe9240b4f2120ef8843f1340ea9ad810e553c81?cid=9950ac751e34487dbbe027c4fd7f8e99","false","51","spotify:user:sgpilkington","2020-06-24T16:07:40Z"
"spotify:track:6fRmmcYP9h2DgqcufEMj6x","Country Roads","spotify:artist:7EIbKyiLnEJ1Y074UIUyZJ","Peter Hollens","spotify:album:1HXshg2YJVhD6yWdzStGbE","Country Roads","spotify:artist:7EIbKyiLnEJ1Y074UIUyZJ","Peter Hollens","2018-11-03","https://i.scdn.co/image/ab67616d0000b2737e4bb4e6ec2e2799e6480cf2","1","1","161158","https://p.scdn.co/mp3-preview/aa3f89cdba4c9abc139faa08580957f4474ae6c0?cid=9950ac751e34487dbbe027c4fd7f8e99","false","53","spotify:user:sgpilkington","2020-06-26T04:58:44Z"
"spotify:track:3Mfq8c7r2KgpNJxG43zMe5","How Will I Know (Glee Cast Version)","spotify:artist:0SCbttzoZTnLFebDYmAWCm","Glee Cast","spotify:album:082BH67sSIDefLxUp8GgNm","Glee: The Music, The Complete Season Three","spotify:artist:0SCbttzoZTnLFebDYmAWCm","Glee Cast","2012-08-28","https://i.scdn.co/image/ab67616d0000b27382589dd295a78e6d5ca9afb9","1","104","167226","https://p.scdn.co/mp3-preview/d42b5f3aeaf4a425cc5df3ffcf551485ea688b79?cid=9950ac751e34487dbbe027c4fd7f8e99","false","47","spotify:user:sgpilkington","2020-06-27T21:59:30Z"
"spotify:track:5tdKaKLnC4SgtDZ6RlWeal","How Will I Know","spotify:artist:6XpaIBNiVzIetEPCWDvAFP","Whitney Houston","spotify:album:2MH37enG6IPvNK5QFLyKes","Whitney Houston","spotify:artist:6XpaIBNiVzIetEPCWDvAFP","Whitney Houston","1985-02-14","https://i.scdn.co/image/ab67616d0000b2732ae4fcec560ab559d6f5dc88","1","6","275533","https://p.scdn.co/mp3-preview/4cfd0ab2b770e37313275d37788f687992b0ee17?cid=9950ac751e34487dbbe027c4fd7f8e99","false","73","spotify:user:sgpilkington","2020-06-27T22:02:01Z"
"spotify:track:2cWHN0WK52RGAWHgaDamUA","Take It to the Limit - 2013 Remaster","spotify:artist:0ECwFtbIWEVNwjlrfc6xoL","Eagles","spotify:album:0F77QekrNe8vVAjU2sepja","One of These Nights (2013 Remaster)","spotify:artist:0ECwFtbIWEVNwjlrfc6xoL","Eagles","1975","https://i.scdn.co/image/ab67616d0000b2735d0a8e54aba5181c79593b94","1","6","287090","https://p.scdn.co/mp3-preview/4a967da0de1ea40c9b27718264c33438b19fc018?cid=9950ac751e34487dbbe027c4fd7f8e99","false","68","spotify:user:sgpilkington","2020-07-24T13:48:52Z"
"spotify:track:65jrjEhWfAvysKfnojk1i0","Under the Boardwalk","spotify:artist:1FqqOl9itIUpXr4jZPIVoT","The Drifters","spotify:album:7AgI5vniflcbh86Znea7yM","Under the Boardwalk","spotify:artist:1FqqOl9itIUpXr4jZPIVoT","The Drifters","1964-06-01","https://i.scdn.co/image/ab67616d0000b27357f74f8c3d23837417b6f0f6","1","2","161960","https://p.scdn.co/mp3-preview/8cf57563d7553159042a312443ae361880c57b41?cid=9950ac751e34487dbbe027c4fd7f8e99","false","71","spotify:user:sgpilkington","2020-07-24T18:27:46Z"
"spotify:track:6sPOmDulFtLzfX25zICNrC","Build Me Up Buttercup - Mono","spotify:artist:4GITZM5LCR2KcdlgEOrNLD","The Foundations","spotify:album:3j1kw5l2mEeKCUuXXwjhWp","The Foundations","spotify:artist:4GITZM5LCR2KcdlgEOrNLD","The Foundations","1968-01-01","https://i.scdn.co/image/ab67616d0000b273dc345fdd58bb12b44f721444","1","7","177533","https://p.scdn.co/mp3-preview/a1286ea4146157ad1559eaefe6e8a0869e3963b8?cid=9950ac751e34487dbbe027c4fd7f8e99","false","77","spotify:user:sgpilkington","2020-07-25T16:43:06Z"
"spotify:track:2BstRQGodshjGpeDGQiNgo","Do It Again","spotify:artist:6P7H3ai06vU1sGvdpBwDmE","Steely Dan","spotify:album:4Gh6pRaXqXTtJx4plAJbBw","Can't Buy A Thrill","spotify:artist:6P7H3ai06vU1sGvdpBwDmE","Steely Dan","1972-01-01","https://i.scdn.co/image/ab67616d0000b2735a9b9e265814a9c9636a71a4","1","1","356733","","false","72","spotify:user:sgpilkington","2020-07-25T16:44:07Z"
"spotify:track:0BEiDA0JOycXaDI5ynEWgz","Hungry Like The Wolf / Rio (Glee Cast Version)","spotify:artist:0SCbttzoZTnLFebDYmAWCm","Glee Cast","spotify:album:082BH67sSIDefLxUp8GgNm","Glee: The Music, The Complete Season Three","spotify:artist:0SCbttzoZTnLFebDYmAWCm","Glee Cast","2012-08-28","https://i.scdn.co/image/ab67616d0000b27382589dd295a78e6d5ca9afb9","1","92","183386","https://p.scdn.co/mp3-preview/575762885ac20dbb2d26475ac90014f55c187c77?cid=9950ac751e34487dbbe027c4fd7f8e99","false","43","spotify:user:sgpilkington","2020-07-26T22:13:04Z"
"spotify:track:0nnxf8p851ZR49KFnGWVsB","Say Hey (I Love You)","spotify:artist:1mHuZMOP8FG5ip4yAb1vrB, spotify:artist:4UP6OF8bXbNS4E9n2YwlsX","Michael Franti & Spearhead, Cherine Tanya Anderson","spotify:album:1bkxL5Wr2ODPlcgAptFRzt","All Rebel Rockers","spotify:artist:1mHuZMOP8FG5ip4yAb1vrB","Michael Franti & Spearhead","2008-01-01","https://i.scdn.co/image/ab67616d0000b2738a6f5b202132094605e86038","1","6","235760","","false","67","spotify:user:sgpilkington","2020-08-01T04:58:42Z"
"spotify:track:6VojZJpMyuKClbwyilWlQj","Wouldn't It Be Nice","spotify:artist:3oDbviiivRWhXwIE8hxkVV","The Beach Boys","spotify:album:2ninxvLuYGCb6H92qTaSFZ","Greatest Hits","spotify:artist:3oDbviiivRWhXwIE8hxkVV","The Beach Boys","2012-01-01","https://i.scdn.co/image/ab67616d0000b27387ff937488599a929a5bfff5","1","4","153866","","false","59","spotify:user:sgpilkington","2020-08-28T03:34:55Z"
"spotify:track:7H6ev70Weq6DdpZyyTmUXk","Say My Name","spotify:artist:1Y8cdNmUJH7yBTd9yOvr5i","Destiny's Child","spotify:album:283NWqNsCA9GwVHrJk59CG","The Writing's On The Wall","spotify:artist:1Y8cdNmUJH7yBTd9yOvr5i","Destiny's Child","1999-07-27","https://i.scdn.co/image/ab67616d0000b2733718df75b57340c1947747e8","1","12","271333","https://p.scdn.co/mp3-preview/26cde6756e631b05cb8b83e99bec8eac00980073?cid=9950ac751e34487dbbe027c4fd7f8e99","false","78","spotify:user:sgpilkington","2020-08-28T03:35:30Z"
"spotify:track:6FCngfdkfRZ0CwL2eZAgnc","Thriller / Heads Will Roll (Glee Cast Version)","spotify:artist:0SCbttzoZTnLFebDYmAWCm","Glee Cast","spotify:album:1i0wfrZnAkum5eEJnV62pp","Glee: The Music, Volume 5","spotify:artist:0SCbttzoZTnLFebDYmAWCm","Glee Cast","2011-03-08","https://i.scdn.co/image/ab67616d0000b2738c022bf39e661d68fbc9a9ce","1","1","216560","https://p.scdn.co/mp3-preview/f197d9518b93ac476f3d92755c4ca562596a37af?cid=9950ac751e34487dbbe027c4fd7f8e99","false","53","spotify:user:sgpilkington","2020-08-28T21:31:29Z"
"spotify:track:6rovOdp3HgK1DeAMYDzoA7","Maggie May","spotify:artist:2y8Jo9CKhJvtfeKOsYzRdT","Rod Stewart","spotify:album:4VykjLwkyfKMZVLrJJVrYh","Every Picture Tells A Story","spotify:artist:2y8Jo9CKhJvtfeKOsYzRdT","Rod Stewart","1971-05-18","https://i.scdn.co/image/ab67616d0000b273f20825485137abccd82b9665","1","5","350266","","false","74","spotify:user:sgpilkington","2020-08-28T03:35:44Z"
"spotify:track:4B8uF8a2RHn7rx6JePUPQI","You're in My Heart (The Final Acclaim) [with The Royal Philharmonic Orchestra]","spotify:artist:2y8Jo9CKhJvtfeKOsYzRdT, spotify:artist:0MvSBMGRQJY3mRwIbJsqF1","Rod Stewart, Royal Philharmonic Orchestra","spotify:album:2yIXnKzy6cfqb1b3eWRxr5","You're In My Heart: Rod Stewart (with The Royal Philharmonic Orchestra)","spotify:artist:2y8Jo9CKhJvtfeKOsYzRdT","Rod Stewart","2019-11-22","https://i.scdn.co/image/ab67616d0000b2733f889552db33bb1019b68e48","1","9","278480","https://p.scdn.co/mp3-preview/20cfb1640257870b0a3b012d62338d489a82b5eb?cid=9950ac751e34487dbbe027c4fd7f8e99","false","37","spotify:user:sgpilkington","2020-08-28T03:37:19Z"
"spotify:track:3aOnhd5IJuIua1ahTlezuM","Tonight's The Night (Gonna Be Alright) [with The Royal Philharmonic Orchestra]","spotify:artist:2y8Jo9CKhJvtfeKOsYzRdT, spotify:artist:0MvSBMGRQJY3mRwIbJsqF1","Rod Stewart, Royal Philharmonic Orchestra","spotify:album:2yIXnKzy6cfqb1b3eWRxr5","You're In My Heart: Rod Stewart (with The Royal Philharmonic Orchestra)","spotify:artist:2y8Jo9CKhJvtfeKOsYzRdT","Rod Stewart","2019-11-22","https://i.scdn.co/image/ab67616d0000b2733f889552db33bb1019b68e48","1","5","252560","https://p.scdn.co/mp3-preview/01bbba4a752a408e9d027b9bb13b8c46fb387443?cid=9950ac751e34487dbbe027c4fd7f8e99","false","34","spotify:user:sgpilkington","2020-08-28T03:37:34Z"
"spotify:track:11YWR8tzDTR2P4KZ3lAySj","Drift Away","spotify:artist:3mC1KCuZZSOlN8Z0M56VsV","Dobie Gray","spotify:album:5DJHtJpuoj7VidJ447oD8s","Throwback Tunes: 70s","spotify:artist:0LyfQWJT6nXafLPZqxe9Of","Various Artists","2017-10-20","https://i.scdn.co/image/ab67616d0000b2734044e6727976f75069a022a1","1","15","234300","","false","57","spotify:user:sgpilkington","2020-08-28T03:39:08Z"
"spotify:track:2dtK02TSAuTvVYU2wGAVG0","Still the One","spotify:artist:1667U2YoucgG5Pdvm2M59c","Orleans","spotify:album:47YQQPzYY32yZbWC40mlku","Waking & Dreaming","spotify:artist:1667U2YoucgG5Pdvm2M59c","Orleans","1976","https://i.scdn.co/image/ab67616d0000b27343e597e14a18269a47430add","1","6","234040","https://p.scdn.co/mp3-preview/3ab42b8c71c16a3852dbcb22617ef0a0dad64733?cid=9950ac751e34487dbbe027c4fd7f8e99","false","66","spotify:user:sgpilkington","2020-08-28T03:39:43Z"
"spotify:track:6xLUzLPTTqJMXLTX8iRazK","Take It Easy - 2008 Remaster","spotify:artist:0ECwFtbIWEVNwjlrfc6xoL","Eagles","spotify:album:0QTXAYpC3hdQBKWMa2uGh0","Take It Easy / Get You in the Mood","spotify:artist:0ECwFtbIWEVNwjlrfc6xoL","Eagles","1972","https://i.scdn.co/image/ab67616d0000b273b17a827c6e8e7fa666e3c978","1","1","207946","https://p.scdn.co/mp3-preview/dae692501fb5d8423745c8ff0a80cef0d22e632d?cid=9950ac751e34487dbbe027c4fd7f8e99","false","41","spotify:user:sgpilkington","2020-08-28T03:39:48Z"
"spotify:track:5EOoMWIB9iK4ZpcSex9Ec7","Old Time Rock & Roll","spotify:artist:485uL27bPomh29R4JmQehQ","Bob Seger","spotify:album:1vhib5WLHRVdOpRjiTHk15","Stranger In Town","spotify:artist:485uL27bPomh29R4JmQehQ","Bob Seger","1978-05-05","https://i.scdn.co/image/ab67616d0000b273ef063cb80508c55eb443a671","1","3","194146","","false","75","spotify:user:sgpilkington","2020-08-28T03:39:53Z"
"spotify:track:5lnLxpRxCDlqedyWgkBLOh","Easy (LIke Sunday Morning)","spotify:artist:7sQg9yOabzv2g23MyIMN7M","Charles Givings","spotify:album:1STfmRBX2iFpZkDMY6mKqT","Songs For Sunset Lovers","spotify:artist:7sQg9yOabzv2g23MyIMN7M","Charles Givings","2003-08-03","https://i.scdn.co/image/ab67616d0000b273c7d4758803a294131d8fdd42","1","4","266320","https://p.scdn.co/mp3-preview/23799179c8a3b9992f04cc6d8e23b41e7c3e2cd7?cid=9950ac751e34487dbbe027c4fd7f8e99","false","51","spotify:user:sgpilkington","2020-08-28T03:39:57Z"
"spotify:track:3M8FzayQWtkvOhqMn2V4T2","Lean on Me","spotify:artist:1ThoqLcyIYvZn7iWbj8fsj","Bill Withers","spotify:album:0sFuW4rH5mFZUjNKnckO3v","Still Bill","spotify:artist:1ThoqLcyIYvZn7iWbj8fsj","Bill Withers","1972-05-01","https://i.scdn.co/image/ab67616d0000b27398e08f603553915a041b6937","1","5","258834","https://p.scdn.co/mp3-preview/88034b6356a11c9bea4cca28d56a80efcc655ac4?cid=9950ac751e34487dbbe027c4fd7f8e99","false","73","spotify:user:sgpilkington","2020-08-28T03:40:13Z"
"spotify:track:5qZK9fEhPCcJ3Auu7ymGyT","Ooh Child","spotify:artist:77tT1kLj6mCWtFNqiOmP9H","Daryl Hall & John Oates","spotify:album:1qBFTBS203v4EiDTIGpj8S","Our Kind of Soul","spotify:artist:77tT1kLj6mCWtFNqiOmP9H","Daryl Hall & John Oates","2018-05-25","https://i.scdn.co/image/ab67616d0000b273fe7ca04c6b09fcfcb4ad1c98","1","17","231826","","false","38","spotify:user:sgpilkington","2020-08-28T03:40:17Z"
"spotify:track:5dOwtFKJAXRh5558r0fyWW","Do You Believe in Magic?","spotify:artist:7y1GT7SdgGiFLWoktv2TSw","BBMAK","spotify:album:7cE14ruXewOBhQu8u16stq","Return to Never Land","spotify:artist:0LyfQWJT6nXafLPZqxe9Of","Various Artists","2001-01-01","https://i.scdn.co/image/ab67616d0000b2730cf9bfda94d7584b19c58a47","1","1","179040","","false","27","spotify:user:sgpilkington","2020-09-09T19:37:59Z"
"spotify:track:3E7ZwUMJFqpsDOJzEkBrQ7","Can't Get You out of My Head","spotify:artist:4RVnAU35WRWra6OZ3CbbMA","Kylie Minogue","spotify:album:4WzTXHp8bVKkKNu3UQ2Fqu","Fever","spotify:artist:4RVnAU35WRWra6OZ3CbbMA","Kylie Minogue","2001-10-01","https://i.scdn.co/image/ab67616d0000b2735d6121285c42ea4535e59048","1","3","230640","https://p.scdn.co/mp3-preview/8698fb43a16503ad290e738649a19d1663b9cbc6?cid=9950ac751e34487dbbe027c4fd7f8e99","false","75","spotify:user:sgpilkington","2020-09-18T04:01:27Z"
"spotify:track:7q3qX7Ees3FZtRFJXWgPZs","It's Raining Men","spotify:artist:5orH1OWgjAYUX8sZ5gihTv","Geri Halliwell","spotify:album:2sgOJkKcXuxEqXW26W3sQf","Scream If You Wanna Go Faster","spotify:artist:5orH1OWgjAYUX8sZ5gihTv","Geri Halliwell","2001-05-14","https://i.scdn.co/image/ab67616d0000b27320fa8a1a52c78ef950f52745","1","10","254640","https://p.scdn.co/mp3-preview/c066b72cc11941c415f41152b32c7428b47a1a9f?cid=9950ac751e34487dbbe027c4fd7f8e99","false","63","spotify:user:sgpilkington","2020-09-18T04:01:37Z"
"spotify:track:3BxWKCI06eQ5Od8TY2JBeA","Buttons","spotify:artist:6wPhSqRtPu1UhRCDX5yaDJ","The Pussycat Dolls","spotify:album:5x8e8UcCeOgrOzSnDGuPye","PCD","spotify:artist:6wPhSqRtPu1UhRCDX5yaDJ","The Pussycat Dolls","2005-01-01","https://i.scdn.co/image/ab67616d0000b2738cc44129c3b11adec74058d6","1","5","225560","","false","67","spotify:user:sgpilkington","2020-09-18T04:01:48Z"
"spotify:track:1gZ7i4qxXkHZb1r6eioaAP","Don't Cha","spotify:artist:6wPhSqRtPu1UhRCDX5yaDJ, spotify:artist:1YfEcTuGvBQ8xSD1f53UnK","The Pussycat Dolls, Busta Rhymes","spotify:album:5x8e8UcCeOgrOzSnDGuPye","PCD","spotify:artist:6wPhSqRtPu1UhRCDX5yaDJ","The Pussycat Dolls","2005-01-01","https://i.scdn.co/image/ab67616d0000b2738cc44129c3b11adec74058d6","1","1","272080","","false","70","spotify:user:sgpilkington","2020-09-18T04:01:57Z"
"spotify:track:30cSNer6TV8x2utjULVeQ5","SOS","spotify:artist:5pKCCKE2ajJHZ9KAiaK11H","Rihanna","spotify:album:2JdjS6jjOml7nt7Yjo0nnh","A Girl Like Me","spotify:artist:5pKCCKE2ajJHZ9KAiaK11H","Rihanna","2006-04-10","https://i.scdn.co/image/ab67616d0000b273d744a51e193d52170070062b","1","1","238920","","false","73","spotify:user:sgpilkington","2020-09-18T04:02:05Z"
"spotify:track:4TsmezEQVSZNNPv5RJ65Ov","Pon de Replay","spotify:artist:5pKCCKE2ajJHZ9KAiaK11H","Rihanna","spotify:album:4FyGpObwABjn0o8Tdp7AZz","Music Of The Sun","spotify:artist:5pKCCKE2ajJHZ9KAiaK11H","Rihanna","2005-08-29","https://i.scdn.co/image/ab67616d0000b273b21609e1a2d7c1b7ba8efae2","1","1","246960","","false","81","spotify:user:sgpilkington","2020-09-18T04:02:19Z"
"spotify:track:0laYHRpNTS6i8FXdupHkJ4","Love You Like A Love Song","spotify:artist:6dJeKm76NjfXBNTpHmOhfO","Selena Gomez & The Scene","spotify:album:49yHvRh1cOfLcEKukEP7Ox","When The Sun Goes Down","spotify:artist:6dJeKm76NjfXBNTpHmOhfO","Selena Gomez & The Scene","2011-01-01","https://i.scdn.co/image/ab67616d0000b2731c8193de8d62b2ffa49a09db","1","1","188453","","false","79","spotify:user:sgpilkington","2020-09-28T18:22:52Z"
"spotify:track:6LoQHIo74tOzQ8EsLEkhgF","Come & Get It","spotify:artist:0C8ZW7ezQVs4URX5aX7Kqx","Selena Gomez","spotify:album:3cGKAHAUhAaTTezK4GbBhQ","Stars Dance (Bonus Track Version)","spotify:artist:0C8ZW7ezQVs4URX5aX7Kqx","Selena Gomez","2013-01-01","https://i.scdn.co/image/ab67616d0000b2730e36690135fa1a30d048e604","1","5","231986","","false","71","spotify:user:sgpilkington","2020-09-28T18:23:06Z"
"spotify:track:5cCAZS9VhLGEDV4NCfieeg","I Wanna Go","spotify:artist:26dSoYclwsYLMAKD3tpOr4","Britney Spears","spotify:album:0oFBaXLFsUVa2gEmJf4FcJ","Femme Fatale (Deluxe Version)","spotify:artist:26dSoYclwsYLMAKD3tpOr4","Britney Spears","2011-03-28","https://i.scdn.co/image/ab67616d0000b273fda0f2adec40250bea55101b","1","4","210266","https://p.scdn.co/mp3-preview/233d59542b9e00f70bd15b60d1a23fd27b4e9a57?cid=9950ac751e34487dbbe027c4fd7f8e99","false","69","spotify:user:sgpilkington","2020-09-28T18:23:13Z"
"spotify:track:0HPD5WQqrq7wPWR7P7Dw1i","TiK ToK","spotify:artist:6LqNN22kT3074XbTVUrhzX","Kesha","spotify:album:6fpLLJsDSSAlToEDW2jv4F","Animal (Expanded Edition)","spotify:artist:6LqNN22kT3074XbTVUrhzX","Kesha","2010-01-01","https://i.scdn.co/image/ab67616d0000b2737a6339d6ddfd579f77559b3c","1","2","199693","https://p.scdn.co/mp3-preview/afe517465b2f133f65e56bc282491b2c5fd02b33?cid=9950ac751e34487dbbe027c4fd7f8e99","false","83","spotify:user:sgpilkington","2020-09-28T18:23:16Z"
"spotify:track:1YaVmBh7EAeR54FIjuFcb5","Naturally","spotify:artist:6dJeKm76NjfXBNTpHmOhfO","Selena Gomez & The Scene","spotify:album:5lm8loAsSpprr19lwSY16V","Kiss & Tell","spotify:artist:6dJeKm76NjfXBNTpHmOhfO","Selena Gomez & The Scene","2009-01-01","https://i.scdn.co/image/ab67616d0000b273847e9e5d22cca026fbe067c2","1","6","202586","","false","66","spotify:user:sgpilkington","2020-09-28T18:23:48Z"
"spotify:track:5RhxBpoCwX2vLBcSJzYa5j","Round & Round","spotify:artist:6dJeKm76NjfXBNTpHmOhfO","Selena Gomez & The Scene","spotify:album:2rxTiLaHxp9jctuczFwwHp","A Year Without Rain","spotify:artist:6dJeKm76NjfXBNTpHmOhfO","Selena Gomez & The Scene","2010-01-01","https://i.scdn.co/image/ab67616d0000b27352cf4aae10ce89b592de6960","1","1","186493","","false","53","spotify:user:sgpilkington","2020-09-28T18:24:00Z"
"spotify:track:0OQyjeW3jHynzehiKw1wPo","Welcome To Burlesque - Burlesque Original Motion Picture Soundtrack","spotify:artist:72OaDtakiy6yFqkt4TsiFt","Cher","spotify:album:65jNkB2GjWLUZ223XmuKLT","Burlesque Original Motion Picture Soundtrack","spotify:artist:0LyfQWJT6nXafLPZqxe9Of","Various Artists","2010-11-22","https://i.scdn.co/image/ab67616d0000b27314aae62411aaf903a4c7a5f4","1","2","165973","https://p.scdn.co/mp3-preview/3d2357504b015e20e8856f3def36c256d49a764a?cid=9950ac751e34487dbbe027c4fd7f8e99","false","46","spotify:user:sgpilkington","2020-09-28T18:24:31Z"
"spotify:track:5lUTzPuiloBHm1qEaJcJfF","Candyman","spotify:artist:1l7ZsJRRS8wlW3WfJfPfNS","Christina Aguilera","spotify:album:0zRJsgzHZUUdk8Rjk6Segd","Back To Basics","spotify:artist:1l7ZsJRRS8wlW3WfJfPfNS","Christina Aguilera","2006-08-14","https://i.scdn.co/image/ab67616d0000b273d74f4550a6e409bf51652db7","2","3","194213","https://p.scdn.co/mp3-preview/2e5d942ba57f30d309411571d64bfb17a5f4fcdd?cid=9950ac751e34487dbbe027c4fd7f8e99","false","68","spotify:user:sgpilkington","2020-09-28T18:24:36Z"
"spotify:track:7qekEQyGFRim7qNhxzkaLo","Somewhere Only We Know (Glee Cast Version) (feat. Darren Criss)","spotify:artist:0SCbttzoZTnLFebDYmAWCm, spotify:artist:3nQ59hkeciYoR6RreQL4Rv","Glee Cast, Darren Criss","spotify:album:03uYg5C7TeB2Zu7cCzoAso","Glee: The Music presents The Warblers","spotify:artist:0SCbttzoZTnLFebDYmAWCm","Glee Cast","2011-04-19","https://i.scdn.co/image/ab67616d0000b273ae62288a25dd78fea6523c45","1","11","184653","https://p.scdn.co/mp3-preview/c799fe7ac7bd59e073df152cc3de9fc9032b5d37?cid=9950ac751e34487dbbe027c4fd7f8e99","false","65","spotify:user:sgpilkington","2020-09-29T19:39:54Z"
"spotify:track:5RGFGWglZ2zRDWXOK7HyNq","Riff Off - From ""Pitch Perfect 2"" Soundtrack","spotify:artist:3OIHrPeryKmEnrOHCh0x7a, spotify:artist:2RHqPH33tgSVMtXhJkzwue, spotify:artist:2BaKphge9AdjZIxQqv7WoQ, spotify:artist:54FQoMnSEdeijbIgu7zBnz, spotify:artist:1T81IFRFywCJW0SNWMv3T1","Das Sound Machine, Tone Hangers, The Barden Bellas, Green Bay Packers, The Treblemakers","spotify:album:2ZeHAc9olOJ70wqPjHXhZE","Pitch Perfect 2 - Special Edition (Original Motion Picture Soundtrack)","spotify:artist:0LyfQWJT6nXafLPZqxe9Of","Various Artists","2015-05-12","https://i.scdn.co/image/ab67616d0000b2733ac4621f6c7ab9914bcbfaa0","1","10","264480","","false","51","spotify:user:sgpilkington","2020-09-30T16:12:52Z"
"spotify:track:2SAv4Ivx2JfOOZrX4KnIjm","Toxic","spotify:artist:4pBZPaKdm0u7Joe6oAea6V","The Bellas","spotify:album:2ghztb1E7auvrtaXmcRqbV","Pitch Perfect 3 (Original Motion Picture Soundtrack)","spotify:artist:0LyfQWJT6nXafLPZqxe9Of","Various Artists","2017-12-15","https://i.scdn.co/image/ab67616d0000b27342ab4e36136073ce70675e78","1","2","201613","","false","60","spotify:user:sgpilkington","2020-09-30T16:12:56Z"
"spotify:track:5KM3PHkYS0H4RKVI0zBShC","Cheap Thrills","spotify:artist:4pBZPaKdm0u7Joe6oAea6V","The Bellas","spotify:album:2ghztb1E7auvrtaXmcRqbV","Pitch Perfect 3 (Original Motion Picture Soundtrack)","spotify:artist:0LyfQWJT6nXafLPZqxe9Of","Various Artists","2017-12-15","https://i.scdn.co/image/ab67616d0000b27342ab4e36136073ce70675e78","1","8","220026","","false","64","spotify:user:sgpilkington","2020-09-30T16:12:58Z"
"spotify:track:0phwM5a6TdLBDl0F9bk5fl","Riff Off: Mickey/Like A Virgin/Hit Me With Your Best Shot/S&M/Lets Talk About Sex/Ill Make Love To You/Feels Like The First Time/No Diggity","spotify:artist:2BaKphge9AdjZIxQqv7WoQ, spotify:artist:1T81IFRFywCJW0SNWMv3T1, spotify:artist:3ZqvXNT2zEezA2VUT90CYy","The Barden Bellas, The Treblemakers, The Bu Harmonics","spotify:album:3C81mDhWllB5q56pfvik3U","Ultimate Pitch Perfect (Original Motion Picture Soundtrack)","spotify:artist:0LyfQWJT6nXafLPZqxe9Of","Various Artists","2015-02-10","https://i.scdn.co/image/ab67616d0000b2730841a28ca69a34d2a45e58ed","1","11","224266","","false","54","spotify:user:sgpilkington","2020-09-30T16:13:17Z"
"spotify:track:28KAxjOTAnnGjGpC2Qx8gn","Starships","spotify:artist:26AHtbjWKiwYzsoGoUZq53","Pentatonix","spotify:album:5wGlP6EqF7akh6N3UGfKVZ","PTX, Vol. 1","spotify:artist:26AHtbjWKiwYzsoGoUZq53","Pentatonix","2012-06-26","https://i.scdn.co/image/ab67616d0000b273ad76265e2c01cc533a87df0e","1","1","182000","https://p.scdn.co/mp3-preview/fdf82afcd9d75c1a17f289cc3a68c189fb3904cc?cid=9950ac751e34487dbbe027c4fd7f8e99","false","50","spotify:user:sgpilkington","2020-09-30T16:13:31Z"
"spotify:track:4w3tQBXhn5345eUXDGBWZG","9 to 5","spotify:artist:32vWCbZh0xZ4o9gkz4PsEU","Dolly Parton","spotify:album:64Ky1tqKPfwxhJs6msphWd","9 To 5 And Odd Jobs","spotify:artist:32vWCbZh0xZ4o9gkz4PsEU","Dolly Parton","1980","https://i.scdn.co/image/ab67616d0000b273060ccf36ab5b0e0a739799ec","1","1","162466","https://p.scdn.co/mp3-preview/a3c584358e68ee984ac4b1f31d4a832fb46aeeb9?cid=9950ac751e34487dbbe027c4fd7f8e99","false","78","spotify:user:sgpilkington","2020-10-03T04:37:34Z"
"spotify:track:5zA8vzDGqPl2AzZkEYQGKh","Uptown Girl","spotify:artist:6zFYqv1mOsgBRQbae3JJ9e","Billy Joel","spotify:album:3R3x4zIabsvpD3yxqLaUpc","An Innocent Man","spotify:artist:6zFYqv1mOsgBRQbae3JJ9e","Billy Joel","1983-08-08","https://i.scdn.co/image/ab67616d0000b273814cbc4746358a25c84c62e7","1","6","197706","https://p.scdn.co/mp3-preview/fcc3b727931ee5011d48e54124f7982cebc0433a?cid=9950ac751e34487dbbe027c4fd7f8e99","false","79","spotify:user:sgpilkington","2020-10-03T04:37:51Z"
"spotify:track:5ChkMS8OtdzJeqyybCc9R5","Billie Jean","spotify:artist:3fMbdgg4jU18AjLCKBhRSm","Michael Jackson","spotify:album:1C2h7mLntPSeVYciMRTF4a","Thriller 25 Super Deluxe Edition","spotify:artist:3fMbdgg4jU18AjLCKBhRSm","Michael Jackson","1982-11-30","https://i.scdn.co/image/ab67616d0000b2734121faee8df82c526cbab2be","1","6","293826","https://p.scdn.co/mp3-preview/f504e6b8e037771318656394f532dede4f9bcaea?cid=9950ac751e34487dbbe027c4fd7f8e99","false","85","spotify:user:sgpilkington","2020-10-03T04:38:42Z"
"spotify:track:1OOtq8tRnDM8kG2gqUPjAj","Beat It","spotify:artist:3fMbdgg4jU18AjLCKBhRSm","Michael Jackson","spotify:album:1C2h7mLntPSeVYciMRTF4a","Thriller 25 Super Deluxe Edition","spotify:artist:3fMbdgg4jU18AjLCKBhRSm","Michael Jackson","1982-11-30","https://i.scdn.co/image/ab67616d0000b2734121faee8df82c526cbab2be","1","5","258040","https://p.scdn.co/mp3-preview/4901df6e0f8bf6ce93e08df7d98a50e220c45799?cid=9950ac751e34487dbbe027c4fd7f8e99","false","81","spotify:user:sgpilkington","2020-10-03T04:38:46Z"
"spotify:track:5lWFrW5T3JtxVCLDb7etPu","Bad - 2012 Remaster","spotify:artist:3fMbdgg4jU18AjLCKBhRSm","Michael Jackson","spotify:album:24TAupSNVWSAHL0R7n71vm","Bad 25th Anniversary","spotify:artist:3fMbdgg4jU18AjLCKBhRSm","Michael Jackson","1987-08-31","https://i.scdn.co/image/ab67616d0000b2731bb21d27effb96a1d0fe8d6d","1","1","247360","https://p.scdn.co/mp3-preview/5d08b76c5f2b944725394019c38b3ff08f867306?cid=9950ac751e34487dbbe027c4fd7f8e99","false","74","spotify:user:sgpilkington","2020-10-03T04:38:49Z"
"spotify:track:46eu3SBuFCXWsPT39Yg3tJ","Don't Stop 'Til You Get Enough","spotify:artist:3fMbdgg4jU18AjLCKBhRSm","Michael Jackson","spotify:album:2ZytN2cY4Zjrr9ukb2rqTP","Off the Wall","spotify:artist:3fMbdgg4jU18AjLCKBhRSm","Michael Jackson","1979-08-10","https://i.scdn.co/image/ab67616d0000b2737027294551db4fda68b5ddac","1","1","365466","https://p.scdn.co/mp3-preview/bcbf2c53e033e4df303f4a9c90c4eada0a70216f?cid=9950ac751e34487dbbe027c4fd7f8e99","false","77","spotify:user:sgpilkington","2020-10-03T04:39:01Z"
"spotify:track:5lA3pwMkBdd24StM90QrNR","P.Y.T. (Pretty Young Thing)","spotify:artist:3fMbdgg4jU18AjLCKBhRSm","Michael Jackson","spotify:album:1C2h7mLntPSeVYciMRTF4a","Thriller 25 Super Deluxe Edition","spotify:artist:3fMbdgg4jU18AjLCKBhRSm","Michael Jackson","1982-11-30","https://i.scdn.co/image/ab67616d0000b2734121faee8df82c526cbab2be","1","8","238733","https://p.scdn.co/mp3-preview/575230ca230ab7a79f1b2980e303d7f1612073f3?cid=9950ac751e34487dbbe027c4fd7f8e99","false","73","spotify:user:sgpilkington","2020-10-03T04:39:25Z"
"spotify:track:0sKlV58cODrjxGFOyf9IXY","The Way You Make Me Feel - 2012 Remaster","spotify:artist:3fMbdgg4jU18AjLCKBhRSm","Michael Jackson","spotify:album:24TAupSNVWSAHL0R7n71vm","Bad 25th Anniversary","spotify:artist:3fMbdgg4jU18AjLCKBhRSm","Michael Jackson","1987-08-31","https://i.scdn.co/image/ab67616d0000b2731bb21d27effb96a1d0fe8d6d","1","2","298120","https://p.scdn.co/mp3-preview/93f122101d44b96287fa0dea98f1b0f133a413b8?cid=9950ac751e34487dbbe027c4fd7f8e99","false","75","spotify:user:sgpilkington","2020-10-03T04:39:33Z"
"spotify:track:52inrIONdHuwslorf22eZd","We Are the World","spotify:artist:4aW0Cl82t4YRTBdE0tkh5h","Jamaican Blue Stars","spotify:album:2VbSFS84nl0vLdW64HztEl","Night to Remember","spotify:artist:4aW0Cl82t4YRTBdE0tkh5h","Jamaican Blue Stars","2014-08-15","https://i.scdn.co/image/ab67616d0000b2733d95e03ef6ed08b36f9bf08d","1","3","338453","https://p.scdn.co/mp3-preview/48afeb8a232d6ff30010f7aaf53ff4b31416c941?cid=9950ac751e34487dbbe027c4fd7f8e99","false","27","spotify:user:sgpilkington","2020-10-03T04:41:18Z"
"spotify:track:2u2udGmop1z67EPpr91km7","Man in the Mirror","spotify:artist:3fMbdgg4jU18AjLCKBhRSm","Michael Jackson","spotify:album:3OBhnTLrvkoEEETjFA3Qfk","HIStory - PAST, PRESENT AND FUTURE - BOOK I","spotify:artist:3fMbdgg4jU18AjLCKBhRSm","Michael Jackson","1995-06-16","https://i.scdn.co/image/ab67616d0000b273d0593178c6c2594693ee34b7","1","8","319306","https://p.scdn.co/mp3-preview/b5dbd365b253f5f15cb67d48097d1475e3fad76e?cid=9950ac751e34487dbbe027c4fd7f8e99","false","66","spotify:user:sgpilkington","2020-10-03T04:41:33Z"
"spotify:track:5fgkjhICZnqFctrV0AyuQD","Walking in Memphis","spotify:artist:2C8mKwk3z5DtqLcSwUdYJ9","Marc Cohn","spotify:album:0Zndfz8u9OTb8sXDkve96m","Marc Cohn","spotify:artist:2C8mKwk3z5DtqLcSwUdYJ9","Marc Cohn","1991-02-08","https://i.scdn.co/image/ab67616d0000b2735908f448fb4605e4eba3dbf9","1","1","252613","https://p.scdn.co/mp3-preview/dfca660c74d6459a663d3ab173814a3f043669be?cid=9950ac751e34487dbbe027c4fd7f8e99","false","72","spotify:user:sgpilkington","2020-10-03T04:41:43Z"
"spotify:track:4YwbSZaYeYja8Umyt222Qf","You Can't Hurry Love - 2016 Remaster","spotify:artist:4lxfqrEsLX6N1N4OCSkILp","Phil Collins","spotify:album:6sn6eWmPciSiHj0ltTBl7M","Hello, I Must Be Going! (Deluxe Edition)","spotify:artist:4lxfqrEsLX6N1N4OCSkILp","Phil Collins","1982-11-05","https://i.scdn.co/image/ab67616d0000b273ab0a92e5cd20c2224c44a8a6","1","5","175746","https://p.scdn.co/mp3-preview/cddedd4dd7339f938daad2355c166f0816ee9271?cid=9950ac751e34487dbbe027c4fd7f8e99","false","78","spotify:user:sgpilkington","2020-10-03T04:41:47Z"
"spotify:track:5xl5582IihbEZAnfj0xyso","Straight Up","spotify:artist:4PpmBoqphQusNFsxuVKb6j","Paula Abdul","spotify:album:7zduRJgS6v79QmNUhKGozu","Forever Your Girl","spotify:artist:4PpmBoqphQusNFsxuVKb6j","Paula Abdul","1988-01-01","https://i.scdn.co/image/ab67616d0000b273cb3cea7439a97660b3aedb8c","1","7","251466","","false","65","spotify:user:sgpilkington","2020-10-03T04:43:09Z"
"spotify:track:6jrp8qBMJO6vhAeYVAsdk9","Cold Hearted","spotify:artist:4PpmBoqphQusNFsxuVKb6j","Paula Abdul","spotify:album:7zduRJgS6v79QmNUhKGozu","Forever Your Girl","spotify:artist:4PpmBoqphQusNFsxuVKb6j","Paula Abdul","1988-01-01","https://i.scdn.co/image/ab67616d0000b273cb3cea7439a97660b3aedb8c","1","9","231400","","false","56","spotify:user:sgpilkington","2020-10-03T04:43:21Z"
"spotify:track:3YVPpVJvJG2EauXurPA90F","Tell It to My Heart","spotify:artist:32lVGr0fSRGT6okLKHiP68","Taylor Dayne","spotify:album:2hlHv54WpTInFIRMk3Hwjk","Tell It to My Heart (Expanded Edition)","spotify:artist:32lVGr0fSRGT6okLKHiP68","Taylor Dayne","1988-01-19","https://i.scdn.co/image/ab67616d0000b2734f7420eec423c20556744d7d","1","1","220880","https://p.scdn.co/mp3-preview/0abb33e43623bd14fd97b086ca50d2633328f024?cid=9950ac751e34487dbbe027c4fd7f8e99","false","69","spotify:user:sgpilkington","2020-10-21T02:39:19Z"
"spotify:track:5swjM4X8wV0axhfN1vbNuc","Next To Me (Glee Cast Version)","spotify:artist:0SCbttzoZTnLFebDYmAWCm","Glee Cast","spotify:album:4fZXOp8No89WLudGy6brXd","Glee: The Music, The Complete Season Four","spotify:artist:0SCbttzoZTnLFebDYmAWCm","Glee Cast","2014-01-14","https://i.scdn.co/image/ab67616d0000b273982bd110b3bef1f5a806209b","1","82","198786","https://p.scdn.co/mp3-preview/459686eea56a8d0c947b17fc5c9e909bce8e1bbd?cid=9950ac751e34487dbbe027c4fd7f8e99","false","36","spotify:user:sgpilkington","2020-10-28T06:24:31Z"
"spotify:track:70C4NyhjD5OZUMzvWZ3njJ","Piano Man","spotify:artist:6zFYqv1mOsgBRQbae3JJ9e","Billy Joel","spotify:album:69wjSAZXZiD2EBia3b3gxL","Piano Man (Legacy Edition)","spotify:artist:6zFYqv1mOsgBRQbae3JJ9e","Billy Joel","1973-11-07","https://i.scdn.co/image/ab67616d0000b273aff4aef671b2510be7c115b3","1","2","339000","https://p.scdn.co/mp3-preview/7f1dc0e2f56c946849ac2e61dfa1ce827fb8dc70?cid=9950ac751e34487dbbe027c4fd7f8e99","false","78","spotify:user:sgpilkington","2020-11-16T14:25:55Z"
"spotify:track:5KqldkCunQ2rWxruMEtGh0","The Gambler","spotify:artist:4tw2Lmn9tTPUv7Gy7mVPI4","Kenny Rogers","spotify:album:3XdvQjIMjdwxRivZrg1ziJ","The Gambler","spotify:artist:4tw2Lmn9tTPUv7Gy7mVPI4","Kenny Rogers","1978-11-20","https://i.scdn.co/image/ab67616d0000b273c289ed4316aaab5a5b7376c1","1","1","214880","","false","75","spotify:user:sgpilkington","2020-11-16T14:26:16Z"
"spotify:track:1XUKItaRs2494LclJwHhl8","Fire and Rain","spotify:artist:0vn7UBvSQECKJm2817Yf1P","James Taylor","spotify:album:2L4U4JjEADYaVltkvDrkCC","Greatest Hits","spotify:artist:0vn7UBvSQECKJm2817Yf1P","James Taylor","1976","https://i.scdn.co/image/ab67616d0000b27323ed6d11c4dff5ce4c47a7e7","1","3","200579","https://p.scdn.co/mp3-preview/facca1f85f4ef20afa376f91ca8e2276b157d421?cid=9950ac751e34487dbbe027c4fd7f8e99","false","53","spotify:user:sgpilkington","2021-01-23T05:31:49Z"
"spotify:track:2CVMTJWBqbtaCWNWbcBZae","Something's Got A Hold On Me - Burlesque Original Motion Picture Soundtrack","spotify:artist:1l7ZsJRRS8wlW3WfJfPfNS","Christina Aguilera","spotify:album:65jNkB2GjWLUZ223XmuKLT","Burlesque Original Motion Picture Soundtrack","spotify:artist:0LyfQWJT6nXafLPZqxe9Of","Various Artists","2010-11-22","https://i.scdn.co/image/ab67616d0000b27314aae62411aaf903a4c7a5f4","1","1","184773","https://p.scdn.co/mp3-preview/534ce67f4932cc5a4bd5b0d66879d19d596284dd?cid=9950ac751e34487dbbe027c4fd7f8e99","false","49","spotify:user:sgpilkington","2021-02-20T00:00:18Z"
"spotify:track:7w87IxuO7BDcJ3YUqCyMTT","Pumped Up Kicks","spotify:artist:7gP3bB2nilZXLfPHJhMdvc","Foster The People","spotify:album:7Kmmw7Z5D2UD5MVwdm10sT","Torches","spotify:artist:7gP3bB2nilZXLfPHJhMdvc","Foster The People","2011-05-23","https://i.scdn.co/image/ab67616d0000b273c03f8ef4160b2a3b72dd407d","1","2","239600","https://p.scdn.co/mp3-preview/db83e69f4ef8a49f5b77e367f7031cc3bcc41b1a?cid=9950ac751e34487dbbe027c4fd7f8e99","false","86","spotify:user:sgpilkington","2021-02-24T19:36:42Z"
"spotify:track:7GQqj9jRtDkMp8zByehXQI","Lady Marmalade - From ""Moulin Rouge"" Soundtrack","spotify:artist:1l7ZsJRRS8wlW3WfJfPfNS, spotify:artist:5tth2a3v0sWwV1C7bApBdX, spotify:artist:6lHL3ubAMgSasKjNqKb8HF, spotify:artist:1KCSPY1glIKqW2TotWuXOR","Christina Aguilera, Lil' Kim, Ma, P!nk","spotify:album:1Kg7AyuyIMTfD6geg9VghI","Moulin Rouge","spotify:artist:0LyfQWJT6nXafLPZqxe9Of","Various Artists","2001-01-01","https://i.scdn.co/image/ab67616d0000b273687e8a165b272440a68a480f","1","2","264846","","false","64","spotify:user:sgpilkington","2021-02-25T21:45:24Z"
"spotify:track:4VZDv8sASBS8UruUBGTFdk","Hold On","spotify:artist:1yMYjh77WgOVafRkI50mim","Wilson Phillips","spotify:album:1Xi55xFMaymXdSWshmxhw2","Wilson Phillips","spotify:artist:1yMYjh77WgOVafRkI50mim","Wilson Phillips","1990-05-08","https://i.scdn.co/image/ab67616d0000b2733168e1f416b81862ccc83594","1","1","266866","","false","70","spotify:user:sgpilkington","2021-03-19T23:09:59Z"
"spotify:track:7Fn84f1WeWabP3aFXW5TA8","Faithfully (Glee Cast Version)","spotify:artist:0SCbttzoZTnLFebDYmAWCm","Glee Cast","spotify:album:6LYlKfh37R6SLE8T7z4P60","Glee: The Music, Journey To Regionals","spotify:artist:0SCbttzoZTnLFebDYmAWCm","Glee Cast","2010-06-08","https://i.scdn.co/image/ab67616d0000b2739392d737b8c24ab150b30940","1","1","273866","https://p.scdn.co/mp3-preview/e254b77d460349c9f903f74b21ccbb4bc88da315?cid=9950ac751e34487dbbe027c4fd7f8e99","false","49","spotify:user:sgpilkington","2021-03-22T18:11:37Z"
"spotify:track:57ebBLITHpRgRKGrlbxMZS","Faithfully","spotify:artist:0rvjqX7ttXeg3mTy8Xscbt","Journey","spotify:album:2EFUNYmwxe0AOGxBORrfaw","Frontiers","spotify:artist:0rvjqX7ttXeg3mTy8Xscbt","Journey","1983-02-22","https://i.scdn.co/image/ab67616d0000b273b9021ad16733196aacf253c1","1","5","267080","https://p.scdn.co/mp3-preview/e32034615bca1b46c7a11c8653f9e3cba53c2a29?cid=9950ac751e34487dbbe027c4fd7f8e99","false","69","spotify:user:sgpilkington","2021-03-22T18:11:42Z"
"spotify:track:7BD50ATrF3Vab5FQy7vtK8","How Do I Live","spotify:artist:2d3VHzlOEwXvmBdS4pzOPL","LeAnn Rimes","spotify:album:5GIEvyzVeUKAs6Uf2EeoqD","Greatest Hits","spotify:artist:2d3VHzlOEwXvmBdS4pzOPL","LeAnn Rimes","2003-11-18","https://i.scdn.co/image/ab67616d0000b273b8a740229a85f3719d4a4c25","1","2","266973","https://p.scdn.co/mp3-preview/dfd7958f815b8496b20d48d905697be6bc1dec28?cid=9950ac751e34487dbbe027c4fd7f8e99","false","71","spotify:user:sgpilkington","2021-03-22T18:11:50Z"
"spotify:track:4shPfi6RsJiwQtso2XFGiL","Footloose","spotify:artist:1UTPBmNbXNTittyMJrNkvw","Blake Shelton","spotify:album:1NwX9DLDpQSsJrrRdU3dEN","Footloose","spotify:artist:1UTPBmNbXNTittyMJrNkvw","Blake Shelton","2011-11-08","https://i.scdn.co/image/ab67616d0000b273f6100599646df21f9e22a68c","1","1","218493","https://p.scdn.co/mp3-preview/e990f01c8eb28575f515bea90633cd4cf7c20050?cid=9950ac751e34487dbbe027c4fd7f8e99","false","52","spotify:user:sgpilkington","2021-03-22T22:17:49Z"
"spotify:track:7AqISujIaWcY3h5zrOqt5v","Forget You","spotify:artist:5nLYd9ST4Cnwy6NHaCxbj8","CeeLo Green","spotify:album:0kA2VAfzhFIIv0jEHdFKEN","The Lady Killer","spotify:artist:5nLYd9ST4Cnwy6NHaCxbj8","CeeLo Green","2010-11-09","https://i.scdn.co/image/ab67616d0000b2736b078e2d971229c90e75afdc","1","3","222733","https://p.scdn.co/mp3-preview/ad508080cdbde0340b316ec210c8593c3e4aef94?cid=9950ac751e34487dbbe027c4fd7f8e99","false","66","spotify:user:sgpilkington","2021-03-22T22:17:56Z"
"spotify:track:52FlwUMMDnTK8TGkCag9Jd","Stop! In The Name Of Love - Single Version","spotify:artist:57bUPid8xztkieZfS7OlEV","The Supremes","spotify:album:2maj3yWtoFnr0g7TlNao7A","More Hits By The Supremes","spotify:artist:57bUPid8xztkieZfS7OlEV","The Supremes","1965-07-23","https://i.scdn.co/image/ab67616d0000b273f784c1334630d76b06a0d1b3","1","4","172906","","false","66","spotify:user:sgpilkington","2021-03-25T01:21:35Z"
"spotify:track:6mYrhCAGWzTdF8QnKuchXM","If I Could Turn Back Time","spotify:artist:72OaDtakiy6yFqkt4TsiFt","Cher","spotify:album:3srdrIrP3V7LTmRujRfLhK","Heart Of Stone","spotify:artist:72OaDtakiy6yFqkt4TsiFt","Cher","1989-01-01","https://i.scdn.co/image/ab67616d0000b2737a1e0215c41f0ce411623301","1","1","239826","","false","73","spotify:user:sgpilkington","2021-03-29T22:06:45Z"
